id,name,language.code,language.href,syllabic,feature.id,feature.href,category,status.code,status.href,concise.code,concise.href,generic.code,generic.href,location,province.code,province.href,map,relevance,accuracy,latitude,longitude,decision
ACPVY,Newfoundland and Labrador,und,https://geogratis.gc.ca/services/geoname/en/codes/language/und,,64b474a0ba1f11d892e2080020a0f4c9,https://geogratis.gc.ca/services/geoname/en/features/64b474a0ba1f11d892e2080020a0f4c9,P,official,https://geogratis.gc.ca/services/geoname/en/codes/status/official,PROV,https://geogratis.gc.ca/services/geoname/en/codes/concise/PROV,491,https://geogratis.gc.ca/services/geoname/en/codes/generic/491,,10,https://geogratis.gc.ca/services/geoname/en/codes/province/10,MCR77,30000000,100,53.23,-59.999167,2001-12-06
NAABJ,Océan Atlantique,und,https://geogratis.gc.ca/services/geoname/en/codes/language/und,,898da0a9ba3611d892e2080020a0f4c9,https://geogratis.gc.ca/services/geoname/en/features/898da0a9ba3611d892e2080020a0f4c9,P,official,https://geogratis.gc.ca/services/geoname/en/codes/status/official,SEA,https://geogratis.gc.ca/services/geoname/en/codes/concise/SEA,1250,https://geogratis.gc.ca/services/geoname/en/codes/generic/1250,,73,https://geogratis.gc.ca/services/geoname/en/codes/province/73,010M03,30000000,100,43.0,-63.0,1983-11-23
DBBWP,New Brunswick,und,https://geogratis.gc.ca/services/geoname/en/codes/language/und,,7bf1dba0ba1f11d892e2080020a0f4c9,https://geogratis.gc.ca/services/geoname/en/features/7bf1dba0ba1f11d892e2080020a0f4c9,P,official,https://geogratis.gc.ca/services/geoname/en/codes/status/official,PROV,https://geogratis.gc.ca/services/geoname/en/codes/concise/PROV,491,https://geogratis.gc.ca/services/geoname/en/codes/generic/491,,13,https://geogratis.gc.ca/services/geoname/en/codes/province/13,MCR77,30000000,100,46.5,-66.0,1983-11-23
JDAKU,Colombie-Britannique,und,https://geogratis.gc.ca/services/geoname/en/codes/language/und,,43b1b6b3ba3611d892e2080020a0f4c9,https://geogratis.gc.ca/services/geoname/en/features/43b1b6b3ba3611d892e2080020a0f4c9,P,official,https://geogratis.gc.ca/services/geoname/en/codes/status/official,PROV,https://geogratis.gc.ca/services/geoname/en/codes/concise/PROV,491,https://geogratis.gc.ca/services/geoname/en/codes/generic/491,,59,https://geogratis.gc.ca/services/geoname/en/codes/province/59,MCR3,30000000,100,54.0,-125.0,1983-11-23
KAIIM,Yukon,gwi,https://geogratis.gc.ca/services/geoname/en/codes/language/gwi,,68b803ebba3611d892e2080020a0f4c9,https://geogratis.gc.ca/services/geoname/en/features/68b803ebba3611d892e2080020a0f4c9,O,official,https://geogratis.gc.ca/services/geoname/en/codes/status/official,TERR,https://geogratis.gc.ca/services/geoname/en/codes/concise/TERR,492,https://geogratis.gc.ca/services/geoname/en/codes/generic/492,,60,https://geogratis.gc.ca/services/geoname/en/codes/province/60,105L15,30000000,100,63.0,-135.0,2003-04-01
EHTWR,Québec,mis,https://geogratis.gc.ca/services/geoname/en/codes/language/mis,,24e21a60be4811d892e2080020a0f4c9,https://geogratis.gc.ca/services/geoname/en/features/24e21a60be4811d892e2080020a0f4c9,O,official,https://geogratis.gc.ca/services/geoname/en/codes/status/official,CITY,https://geogratis.gc.ca/services/geoname/en/codes/concise/CITY,23,https://geogratis.gc.ca/services/geoname/en/codes/generic/23,"Québec; Capitale-Nationale",24,https://geogratis.gc.ca/services/geoname/en/codes/province/24,021L14,30000000,100,46.813819,-71.207997,2002-01-24
EQKTO,Lac-Saint-Charles,und,https://geogratis.gc.ca/services/geoname/en/codes/language/und,,24e21a60be4811d892e2080020a0f4c9,https://geogratis.gc.ca/services/geoname/en/features/24e21a60be4811d892e2080020a0f4c9,H,previouslyOfficial,https://geogratis.gc.ca/services/geoname/en/codes/status/previouslyOfficial,CITY,https://geogratis.gc.ca/services/geoname/en/codes/concise/CITY,23,https://geogratis.gc.ca/services/geoname/en/codes/generic/23,"Québec; Québec",24,https://geogratis.gc.ca/services/geoname/en/codes/province/24,021L14,30000000,100,46.813819,-71.207997,2002-01-24
GBGYI,Manitoba,cre,https://geogratis.gc.ca/services/geoname/en/codes/language/cre,,b8cef9b1bbe011d892e2080020a0f4c9,https://geogratis.gc.ca/services/geoname/en/features/b8cef9b1bbe011d892e2080020a0f4c9,O,official,https://geogratis.gc.ca/services/geoname/en/codes/status/official,PROV,https://geogratis.gc.ca/services/geoname/en/codes/concise/PROV,491,https://geogratis.gc.ca/services/geoname/en/codes/generic/491,,46,https://geogratis.gc.ca/services/geoname/en/codes/province/46,MCR27,30000000,100,55.0,-97.0,1905-12-31
EKJCH,Loretteville,und,https://geogratis.gc.ca/services/geoname/en/codes/language/und,,24e21a60be4811d892e2080020a0f4c9,https://geogratis.gc.ca/services/geoname/en/features/24e21a60be4811d892e2080020a0f4c9,H,previouslyOfficial,https://geogratis.gc.ca/services/geoname/en/codes/status/previouslyOfficial,CITY,https://geogratis.gc.ca/services/geoname/en/codes/concise/CITY,23,https://geogratis.gc.ca/services/geoname/en/codes/generic/23,"Québec; Québec",24,https://geogratis.gc.ca/services/geoname/en/codes/province/24,021L14,30000000,100,46.813819,-71.207997,2002-01-24
EFLXW,Beauport,und,https://geogratis.gc.ca/services/geoname/en/codes/language/und,,24e21a60be4811d892e2080020a0f4c9,https://geogratis.gc.ca/services/geoname/en/features/24e21a60be4811d892e2080020a0f4c9,H,previouslyOfficial,https://geogratis.gc.ca/services/geoname/en/codes/status/previouslyOfficial,CITY,https://geogratis.gc.ca/services/geoname/en/codes/concise/CITY,23,https://geogratis.gc.ca/services/geoname/en/codes/generic/23,"Québec; Québec",24,https://geogratis.gc.ca/services/geoname/en/codes/province/24,021L14,30000000,100,46.813819,-71.207997,2002-01-24
OASUD,Baie de Baffin,und,https://geogratis.gc.ca/services/geoname/en/codes/language/und,,89d4469cba3611d892e2080020a0f4c9,https://geogratis.gc.ca/services/geoname/en/features/89d4469cba3611d892e2080020a0f4c9,P,official,https://geogratis.gc.ca/services/geoname/en/codes/status/official,BAY,https://geogratis.gc.ca/services/geoname/en/codes/concise/BAY,1433,https://geogratis.gc.ca/services/geoname/en/codes/generic/1433,,62,https://geogratis.gc.ca/services/geoname/en/codes/province/62,028C16,30000000,100,74.0,-68.0,1983-11-23
LBCFD,Mer de Beaufort,und,https://geogratis.gc.ca/services/geoname/en/codes/language/und,,5e570163ba3611d892e2080020a0f4c9,https://geogratis.gc.ca/services/geoname/en/features/5e570163ba3611d892e2080020a0f4c9,P,official,https://geogratis.gc.ca/services/geoname/en/codes/status/official,SEA,https://geogratis.gc.ca/services/geoname/en/codes/concise/SEA,1248,https://geogratis.gc.ca/services/geoname/en/codes/generic/1248,"Franklin",61,https://geogratis.gc.ca/services/geoname/en/codes/province/61,MCR130,30000000,100,71.999905,-141.003722,1983-11-23
BAARG,Charlottetown,und,https://geogratis.gc.ca/services/geoname/en/codes/language/und,,7793ebdfd05511d892e2080020a0f4c9,https://geogratis.gc.ca/services/geoname/en/features/7793ebdfd05511d892e2080020a0f4c9,O,official,https://geogratis.gc.ca/services/geoname/en/codes/status/official,CITY,https://geogratis.gc.ca/services/geoname/en/codes/concise/CITY,1,https://geogratis.gc.ca/services/geoname/en/codes/generic/1,"Queens",11,https://geogratis.gc.ca/services/geoname/en/codes/province/11,011L03,30000000,100,46.240278,-63.134722,1996-06-17
CAPHL,Halifax,und,https://geogratis.gc.ca/services/geoname/en/codes/language/und,,3cdd11afaf6811d892e2080020a0f4c9,https://geogratis.gc.ca/services/geoname/en/features/3cdd11afaf6811d892e2080020a0f4c9,O,official,https://geogratis.gc.ca/services/geoname/en/codes/status/official,UNP,https://geogratis.gc.ca/services/geoname/en/codes/concise/UNP,208,https://geogratis.gc.ca/services/geoname/en/codes/generic/208,"Halifax",12,https://geogratis.gc.ca/services/geoname/en/codes/province/12,011D12,30000000,100,44.647401,-63.590651,1996-04-01
NAABI,Atlantic Ocean,und,https://geogratis.gc.ca/services/geoname/en/codes/language/und,,898da0a9ba3611d892e2080020a0f4c9,https://geogratis.gc.ca/services/geoname/en/features/898da0a9ba3611d892e2080020a0f4c9,P,official,https://geogratis.gc.ca/services/geoname/en/codes/status/official,SEA,https://geogratis.gc.ca/services/geoname/en/codes/concise/SEA,1212,https://geogratis.gc.ca/services/geoname/en/codes/generic/1212,,73,https://geogratis.gc.ca/services/geoname/en/codes/province/73,010M03,30000000,100,43.0,-63.0,1983-11-23
FEHRI,Ontario,mis,https://geogratis.gc.ca/services/geoname/en/codes/language/mis,,b8734520bbe011d892e2080020a0f4c9,https://geogratis.gc.ca/services/geoname/en/features/b8734520bbe011d892e2080020a0f4c9,O,official,https://geogratis.gc.ca/services/geoname/en/codes/status/official,PROV,https://geogratis.gc.ca/services/geoname/en/codes/concise/PROV,491,https://geogratis.gc.ca/services/geoname/en/codes/generic/491,,35,https://geogratis.gc.ca/services/geoname/en/codes/province/35,MCR39,30000000,100,49.25,-84.5,1867-07-01
NAABK,Arctic Ocean,und,https://geogratis.gc.ca/services/geoname/en/codes/language/und,,899f2cdaba3611d892e2080020a0f4c9,https://geogratis.gc.ca/services/geoname/en/features/899f2cdaba3611d892e2080020a0f4c9,P,official,https://geogratis.gc.ca/services/geoname/en/codes/status/official,SEA,https://geogratis.gc.ca/services/geoname/en/codes/concise/SEA,1212,https://geogratis.gc.ca/services/geoname/en/codes/generic/1212,,73,https://geogratis.gc.ca/services/geoname/en/codes/province/73,079F11,30000000,100,80.0,-140.0,1983-11-23
EPSTH,Saint-Émile,und,https://geogratis.gc.ca/services/geoname/en/codes/language/und,,24e21a60be4811d892e2080020a0f4c9,https://geogratis.gc.ca/services/geoname/en/features/24e21a60be4811d892e2080020a0f4c9,H,previouslyOfficial,https://geogratis.gc.ca/services/geoname/en/codes/status/previouslyOfficial,CITY,https://geogratis.gc.ca/services/geoname/en/codes/concise/CITY,23,https://geogratis.gc.ca/services/geoname/en/codes/generic/23,"Québec; Québec",24,https://geogratis.gc.ca/services/geoname/en/codes/province/24,021L14,30000000,100,46.813819,-71.207997,2002-01-24
DAFMJ,Fredericton,und,https://geogratis.gc.ca/services/geoname/en/codes/language/und,,214dbdded05511d892e2080020a0f4c9,https://geogratis.gc.ca/services/geoname/en/features/214dbdded05511d892e2080020a0f4c9,O,official,https://geogratis.gc.ca/services/geoname/en/codes/status/official,CITY,https://geogratis.gc.ca/services/geoname/en/codes/concise/CITY,1,https://geogratis.gc.ca/services/geoname/en/codes/generic/1,"York",13,https://geogratis.gc.ca/services/geoname/en/codes/province/13,021G15,30000000,100,45.945278,-66.666667,2023-01-01
OAUFQ,Nunavut,ike,https://geogratis.gc.ca/services/geoname/en/codes/language/ike,ᓄᓇᕗᑦ,b8f98c24bbe011d892e2080020a0f4c9,https://geogratis.gc.ca/services/geoname/en/features/b8f98c24bbe011d892e2080020a0f4c9,O,official,https://geogratis.gc.ca/services/geoname/en/codes/status/official,TERR,https://geogratis.gc.ca/services/geoname/en/codes/concise/TERR,492,https://geogratis.gc.ca/services/geoname/en/codes/generic/492,,62,https://geogratis.gc.ca/services/geoname/en/codes/province/62,057E03,30000000,100,70.166667,-90.733333,1999-04-01
ABEFS,St. John's,und,https://geogratis.gc.ca/services/geoname/en/codes/language/und,,9922f349c6be11d892e2080020a0f4c9,https://geogratis.gc.ca/services/geoname/en/features/9922f349c6be11d892e2080020a0f4c9,O,official,https://geogratis.gc.ca/services/geoname/en/codes/status/official,CITY,https://geogratis.gc.ca/services/geoname/en/codes/concise/CITY,1,https://geogratis.gc.ca/services/geoname/en/codes/generic/1,,10,https://geogratis.gc.ca/services/geoname/en/codes/province/10,001N07,30000000,100,47.482197,-52.797069,1986-01-01
OAGBB,Frobisher Bay,und,https://geogratis.gc.ca/services/geoname/en/codes/language/und,,33e24964c6ce11d892e2080020a0f4c9,https://geogratis.gc.ca/services/geoname/en/features/33e24964c6ce11d892e2080020a0f4c9,H,previouslyOfficial,https://geogratis.gc.ca/services/geoname/en/codes/status/previouslyOfficial,TOWN,https://geogratis.gc.ca/services/geoname/en/codes/concise/TOWN,2,https://geogratis.gc.ca/services/geoname/en/codes/generic/2,,62,https://geogratis.gc.ca/services/geoname/en/codes/province/62,025N10,30000000,100,63.75,-68.516667,1987-01-01
CBCBY,Nova Scotia,und,https://geogratis.gc.ca/services/geoname/en/codes/language/und,,2abcb7c5af4311d892e2080020a0f4c9,https://geogratis.gc.ca/services/geoname/en/features/2abcb7c5af4311d892e2080020a0f4c9,P,official,https://geogratis.gc.ca/services/geoname/en/codes/status/official,PROV,https://geogratis.gc.ca/services/geoname/en/codes/concise/PROV,491,https://geogratis.gc.ca/services/geoname/en/codes/generic/491,,12,https://geogratis.gc.ca/services/geoname/en/codes/province/12,MCR77,30000000,100,45.000075,-62.999327,1994-02-21
BACBM,Prince Edward Island,und,https://geogratis.gc.ca/services/geoname/en/codes/language/und,,7202fafcba1f11d892e2080020a0f4c9,https://geogratis.gc.ca/services/geoname/en/features/7202fafcba1f11d892e2080020a0f4c9,P,official,https://geogratis.gc.ca/services/geoname/en/codes/status/official,PROV,https://geogratis.gc.ca/services/geoname/en/codes/concise/PROV,491,https://geogratis.gc.ca/services/geoname/en/codes/generic/491,,11,https://geogratis.gc.ca/services/geoname/en/codes/province/11,MCR77,30000000,100,46.5,-63.0,1898-12-31
BAEAN,Île-du-Prince-Édouard,und,https://geogratis.gc.ca/services/geoname/en/codes/language/und,,7202fafcba1f11d892e2080020a0f4c9,https://geogratis.gc.ca/services/geoname/en/features/7202fafcba1f11d892e2080020a0f4c9,P,official,https://geogratis.gc.ca/services/geoname/en/codes/status/official,PROV,https://geogratis.gc.ca/services/geoname/en/codes/concise/PROV,491,https://geogratis.gc.ca/services/geoname/en/codes/generic/491,,11,https://geogratis.gc.ca/services/geoname/en/codes/province/11,MCR77,30000000,100,46.5,-63.0,1983-11-23
HAIMP,Regina,und,https://geogratis.gc.ca/services/geoname/en/codes/language/und,,0c2c63fa849c20c37a6b935d6eea300f,https://geogratis.gc.ca/services/geoname/en/features/0c2c63fa849c20c37a6b935d6eea300f,O,official,https://geogratis.gc.ca/services/geoname/en/codes/status/official,CITY,https://geogratis.gc.ca/services/geoname/en/codes/concise/CITY,1,https://geogratis.gc.ca/services/geoname/en/codes/generic/1,,47,https://geogratis.gc.ca/services/geoname/en/codes/province/47,072I07,30000000,100,50.4548389,-104.6066083,1947-03-13
EJNDN,Sillery,und,https://geogratis.gc.ca/services/geoname/en/codes/language/und,,24e21a60be4811d892e2080020a0f4c9,https://geogratis.gc.ca/services/geoname/en/features/24e21a60be4811d892e2080020a0f4c9,H,previouslyOfficial,https://geogratis.gc.ca/services/geoname/en/codes/status/previouslyOfficial,CITY,https://geogratis.gc.ca/services/geoname/en/codes/concise/CITY,23,https://geogratis.gc.ca/services/geoname/en/codes/generic/23,"Québec; Québec",24,https://geogratis.gc.ca/services/geoname/en/codes/province/24,021L14,30000000,100,46.813819,-71.207997,2002-01-24
HAWKP,Saskatchewan,cre,https://geogratis.gc.ca/services/geoname/en/codes/language/cre,,b8df2652bbe011d892e2080020a0f4c9,https://geogratis.gc.ca/services/geoname/en/features/b8df2652bbe011d892e2080020a0f4c9,O,official,https://geogratis.gc.ca/services/geoname/en/codes/status/official,PROV,https://geogratis.gc.ca/services/geoname/en/codes/concise/PROV,491,https://geogratis.gc.ca/services/geoname/en/codes/generic/491,,47,https://geogratis.gc.ca/services/geoname/en/codes/province/47,073J01,30000000,100,54.000051,-106.000496,1905-12-31
IACMP,Edmonton,und,https://geogratis.gc.ca/services/geoname/en/codes/language/und,,8b296095c6be11d892e2080020a0f4c9,https://geogratis.gc.ca/services/geoname/en/features/8b296095c6be11d892e2080020a0f4c9,O,official,https://geogratis.gc.ca/services/geoname/en/codes/status/official,CITY,https://geogratis.gc.ca/services/geoname/en/codes/concise/CITY,1,https://geogratis.gc.ca/services/geoname/en/codes/generic/1,,48,https://geogratis.gc.ca/services/geoname/en/codes/province/48,083H11,30000000,100,53.5344445,-113.4902778,2002-01-01
OAHKV,Hudson Bay,und,https://geogratis.gc.ca/services/geoname/en/codes/language/und,,8bb95958ba3611d892e2080020a0f4c9,https://geogratis.gc.ca/services/geoname/en/features/8bb95958ba3611d892e2080020a0f4c9,P,official,https://geogratis.gc.ca/services/geoname/en/codes/status/official,BAY,https://geogratis.gc.ca/services/geoname/en/codes/concise/BAY,1400,https://geogratis.gc.ca/services/geoname/en/codes/generic/1400,,62,https://geogratis.gc.ca/services/geoname/en/codes/province/62,MCR130,30000000,100,60.0,-86.0,1982-01-18
ABOXB,Mer du Labrador,und,https://geogratis.gc.ca/services/geoname/en/codes/language/und,,ccc52667ba1d11d892e2080020a0f4c9,https://geogratis.gc.ca/services/geoname/en/features/ccc52667ba1d11d892e2080020a0f4c9,P,official,https://geogratis.gc.ca/services/geoname/en/codes/status/official,SEA,https://geogratis.gc.ca/services/geoname/en/codes/concise/SEA,1248,https://geogratis.gc.ca/services/geoname/en/codes/generic/1248,,10,https://geogratis.gc.ca/services/geoname/en/codes/province/10,MCR130,30000000,100,55.0,-55.998889,1983-11-23
EKOKV,Cap-Rouge,und,https://geogratis.gc.ca/services/geoname/en/codes/language/und,,24e21a60be4811d892e2080020a0f4c9,https://geogratis.gc.ca/services/geoname/en/features/24e21a60be4811d892e2080020a0f4c9,H,previouslyOfficial,https://geogratis.gc.ca/services/geoname/en/codes/status/previouslyOfficial,CITY,https://geogratis.gc.ca/services/geoname/en/codes/concise/CITY,23,https://geogratis.gc.ca/services/geoname/en/codes/generic/23,"Québec; Québec",24,https://geogratis.gc.ca/services/geoname/en/codes/province/24,021L14,30000000,100,46.813819,-71.207997,2002-01-24
KAHFT,Whitehorse,und,https://geogratis.gc.ca/services/geoname/en/codes/language/und,,0cf79a10849c20c37dcca8291439f697,https://geogratis.gc.ca/services/geoname/en/features/0cf79a10849c20c37dcca8291439f697,O,official,https://geogratis.gc.ca/services/geoname/en/codes/status/official,CITY,https://geogratis.gc.ca/services/geoname/en/codes/concise/CITY,1,https://geogratis.gc.ca/services/geoname/en/codes/generic/1,,60,https://geogratis.gc.ca/services/geoname/en/codes/province/60,105D11,30000000,100,60.7242144,-135.0560981,1948-10-07
ABRBI,Terre-Neuve,und,https://geogratis.gc.ca/services/geoname/en/codes/language/und,,64b474a0ba1f11d892e2080020a0f4c9,https://geogratis.gc.ca/services/geoname/en/features/64b474a0ba1f11d892e2080020a0f4c9,H,previouslyOfficial,https://geogratis.gc.ca/services/geoname/en/codes/status/previouslyOfficial,PROV,https://geogratis.gc.ca/services/geoname/en/codes/concise/PROV,491,https://geogratis.gc.ca/services/geoname/en/codes/generic/491,,10,https://geogratis.gc.ca/services/geoname/en/codes/province/10,MCR77,30000000,100,53.23,-59.999167,2001-12-06
EITUH,Val-Bélair,und,https://geogratis.gc.ca/services/geoname/en/codes/language/und,,24e21a60be4811d892e2080020a0f4c9,https://geogratis.gc.ca/services/geoname/en/features/24e21a60be4811d892e2080020a0f4c9,H,previouslyOfficial,https://geogratis.gc.ca/services/geoname/en/codes/status/previouslyOfficial,CITY,https://geogratis.gc.ca/services/geoname/en/codes/concise/CITY,23,https://geogratis.gc.ca/services/geoname/en/codes/generic/23,"Québec; Québec",24,https://geogratis.gc.ca/services/geoname/en/codes/province/24,021L14,30000000,100,46.813819,-71.207997,2002-01-24
OAGAX,Frobisher,und,https://geogratis.gc.ca/services/geoname/en/codes/language/und,,33e24964c6ce11d892e2080020a0f4c9,https://geogratis.gc.ca/services/geoname/en/features/33e24964c6ce11d892e2080020a0f4c9,H,previouslyOfficial,https://geogratis.gc.ca/services/geoname/en/codes/status/previouslyOfficial,UNP,https://geogratis.gc.ca/services/geoname/en/codes/concise/UNP,104,https://geogratis.gc.ca/services/geoname/en/codes/generic/104,,62,https://geogratis.gc.ca/services/geoname/en/codes/province/62,025N10,30000000,100,63.75,-68.516667,1979-03-09
KAHLF,Yukon Territory,und,https://geogratis.gc.ca/services/geoname/en/codes/language/und,,68b803ebba3611d892e2080020a0f4c9,https://geogratis.gc.ca/services/geoname/en/features/68b803ebba3611d892e2080020a0f4c9,H,previouslyOfficial,https://geogratis.gc.ca/services/geoname/en/codes/status/previouslyOfficial,TERR,https://geogratis.gc.ca/services/geoname/en/codes/concise/TERR,492,https://geogratis.gc.ca/services/geoname/en/codes/generic/492,,60,https://geogratis.gc.ca/services/geoname/en/codes/province/60,105L15,30000000,100,63.0,-135.0,1898-06-13
IAQFZ,Alberta,und,https://geogratis.gc.ca/services/geoname/en/codes/language/und,,b8ebf793bbe011d892e2080020a0f4c9,https://geogratis.gc.ca/services/geoname/en/features/b8ebf793bbe011d892e2080020a0f4c9,O,official,https://geogratis.gc.ca/services/geoname/en/codes/status/official,PROV,https://geogratis.gc.ca/services/geoname/en/codes/concise/PROV,491,https://geogratis.gc.ca/services/geoname/en/codes/generic/491,,48,https://geogratis.gc.ca/services/geoname/en/codes/province/48,MCR27,30000000,100,54.991667,-114.376667,1905-12-31
NAABL,Océan Arctique,und,https://geogratis.gc.ca/services/geoname/en/codes/language/und,,899f2cdaba3611d892e2080020a0f4c9,https://geogratis.gc.ca/services/geoname/en/features/899f2cdaba3611d892e2080020a0f4c9,P,official,https://geogratis.gc.ca/services/geoname/en/codes/status/official,SEA,https://geogratis.gc.ca/services/geoname/en/codes/concise/SEA,1250,https://geogratis.gc.ca/services/geoname/en/codes/generic/1250,,73,https://geogratis.gc.ca/services/geoname/en/codes/province/73,079F11,30000000,100,80.0,-140.0,1983-11-23
CBRQT,Nouvelle-Écosse,und,https://geogratis.gc.ca/services/geoname/en/codes/language/und,,2abcb7c5af4311d892e2080020a0f4c9,https://geogratis.gc.ca/services/geoname/en/features/2abcb7c5af4311d892e2080020a0f4c9,P,official,https://geogratis.gc.ca/services/geoname/en/codes/status/official,PROV,https://geogratis.gc.ca/services/geoname/en/codes/concise/PROV,491,https://geogratis.gc.ca/services/geoname/en/codes/generic/491,,12,https://geogratis.gc.ca/services/geoname/en/codes/province/12,MCR77,30000000,100,45.000075,-62.999327,1983-11-23
FEVNT,Ottawa,und,https://geogratis.gc.ca/services/geoname/en/codes/language/und,,f7365c02d05211d892e2080020a0f4c9,https://geogratis.gc.ca/services/geoname/en/features/f7365c02d05211d892e2080020a0f4c9,O,official,https://geogratis.gc.ca/services/geoname/en/codes/status/official,CITY,https://geogratis.gc.ca/services/geoname/en/codes/concise/CITY,1,https://geogratis.gc.ca/services/geoname/en/codes/generic/1,"Carleton; Russell",35,https://geogratis.gc.ca/services/geoname/en/codes/province/35,031G05,30000000,100,45.33339,-75.58429,2001-01-01
EFWCZ,Charlesbourg,und,https://geogratis.gc.ca/services/geoname/en/codes/language/und,,24e21a60be4811d892e2080020a0f4c9,https://geogratis.gc.ca/services/geoname/en/features/24e21a60be4811d892e2080020a0f4c9,H,previouslyOfficial,https://geogratis.gc.ca/services/geoname/en/codes/status/previouslyOfficial,CITY,https://geogratis.gc.ca/services/geoname/en/codes/concise/CITY,23,https://geogratis.gc.ca/services/geoname/en/codes/generic/23,"Québec; Québec",24,https://geogratis.gc.ca/services/geoname/en/codes/province/24,021L14,30000000,100,46.813819,-71.207997,2002-01-24
LACKU,Beaufort Sea,und,https://geogratis.gc.ca/services/geoname/en/codes/language/und,,5e570163ba3611d892e2080020a0f4c9,https://geogratis.gc.ca/services/geoname/en/features/5e570163ba3611d892e2080020a0f4c9,P,official,https://geogratis.gc.ca/services/geoname/en/codes/status/official,SEA,https://geogratis.gc.ca/services/geoname/en/codes/concise/SEA,1213,https://geogratis.gc.ca/services/geoname/en/codes/generic/1213,"Franklin",61,https://geogratis.gc.ca/services/geoname/en/codes/province/61,MCR130,30000000,100,71.999905,-141.003722,1980-10-27
NAABH,Océan Pacifique,und,https://geogratis.gc.ca/services/geoname/en/codes/language/und,,897d7408ba3611d892e2080020a0f4c9,https://geogratis.gc.ca/services/geoname/en/features/897d7408ba3611d892e2080020a0f4c9,P,official,https://geogratis.gc.ca/services/geoname/en/codes/status/official,SEA,https://geogratis.gc.ca/services/geoname/en/codes/concise/SEA,1250,https://geogratis.gc.ca/services/geoname/en/codes/generic/1250,,73,https://geogratis.gc.ca/services/geoname/en/codes/province/73,102L03,30000000,100,50.0,-135.0,1983-11-23
DBBWQ,Nouveau-Brunswick,und,https://geogratis.gc.ca/services/geoname/en/codes/language/und,,7bf1dba0ba1f11d892e2080020a0f4c9,https://geogratis.gc.ca/services/geoname/en/features/7bf1dba0ba1f11d892e2080020a0f4c9,P,official,https://geogratis.gc.ca/services/geoname/en/codes/status/official,PROV,https://geogratis.gc.ca/services/geoname/en/codes/concise/PROV,491,https://geogratis.gc.ca/services/geoname/en/codes/generic/491,,13,https://geogratis.gc.ca/services/geoname/en/codes/province/13,MCR77,30000000,100,46.5,-66.0,1983-11-23
LBAMG,Yellowknife,und,https://geogratis.gc.ca/services/geoname/en/codes/language/und,,8a06ef10d05411d892e2080020a0f4c9,https://geogratis.gc.ca/services/geoname/en/features/8a06ef10d05411d892e2080020a0f4c9,O,official,https://geogratis.gc.ca/services/geoname/en/codes/status/official,CITY,https://geogratis.gc.ca/services/geoname/en/codes/concise/CITY,1,https://geogratis.gc.ca/services/geoname/en/codes/generic/1,"Mackenzie",61,https://geogratis.gc.ca/services/geoname/en/codes/province/61,085J08,30000000,100,62.4536,-114.37,1980-05-15
FEUZB,Toronto,moh,https://geogratis.gc.ca/services/geoname/en/codes/language/moh,,0e31fef3d05311d892e2080020a0f4c9,https://geogratis.gc.ca/services/geoname/en/features/0e31fef3d05311d892e2080020a0f4c9,O,official,https://geogratis.gc.ca/services/geoname/en/codes/status/official,CITY,https://geogratis.gc.ca/services/geoname/en/codes/concise/CITY,1,https://geogratis.gc.ca/services/geoname/en/codes/generic/1,"York",35,https://geogratis.gc.ca/services/geoname/en/codes/province/35,030M11,30000000,100,43.7417,-79.3733,1998-01-01
OASUG,Baie d'Hudson,und,https://geogratis.gc.ca/services/geoname/en/codes/language/und,,8bb95958ba3611d892e2080020a0f4c9,https://geogratis.gc.ca/services/geoname/en/features/8bb95958ba3611d892e2080020a0f4c9,P,official,https://geogratis.gc.ca/services/geoname/en/codes/status/official,BAY,https://geogratis.gc.ca/services/geoname/en/codes/concise/BAY,1433,https://geogratis.gc.ca/services/geoname/en/codes/generic/1433,,62,https://geogratis.gc.ca/services/geoname/en/codes/province/62,MCR130,30000000,100,60.0,-86.0,1982-01-18
EFGGK,Québec,und,https://geogratis.gc.ca/services/geoname/en/codes/language/und,,6f733341ba2011d892e2080020a0f4c9,https://geogratis.gc.ca/services/geoname/en/features/6f733341ba2011d892e2080020a0f4c9,P,official,https://geogratis.gc.ca/services/geoname/en/codes/status/official,PROV,https://geogratis.gc.ca/services/geoname/en/codes/concise/PROV,491,https://geogratis.gc.ca/services/geoname/en/codes/generic/491,,24,https://geogratis.gc.ca/services/geoname/en/codes/province/24,033A01,30000000,100,52.0,-72.0,1983-11-23
EHZJK,Sainte-Foy,und,https://geogratis.gc.ca/services/geoname/en/codes/language/und,,24e21a60be4811d892e2080020a0f4c9,https://geogratis.gc.ca/services/geoname/en/features/24e21a60be4811d892e2080020a0f4c9,H,previouslyOfficial,https://geogratis.gc.ca/services/geoname/en/codes/status/previouslyOfficial,CITY,https://geogratis.gc.ca/services/geoname/en/codes/concise/CITY,23,https://geogratis.gc.ca/services/geoname/en/codes/generic/23,"Québec; Québec",24,https://geogratis.gc.ca/services/geoname/en/codes/province/24,021L14,30000000,100,46.813819,-71.207997,2002-01-24
NAABG,Pacific Ocean,und,https://geogratis.gc.ca/services/geoname/en/codes/language/und,,897d7408ba3611d892e2080020a0f4c9,https://geogratis.gc.ca/services/geoname/en/features/897d7408ba3611d892e2080020a0f4c9,P,official,https://geogratis.gc.ca/services/geoname/en/codes/status/official,SEA,https://geogratis.gc.ca/services/geoname/en/codes/concise/SEA,1212,https://geogratis.gc.ca/services/geoname/en/codes/generic/1212,,73,https://geogratis.gc.ca/services/geoname/en/codes/province/73,102L03,30000000,100,50.0,-135.0,1983-11-23
KAHUQ,Mer de Beaufort,und,https://geogratis.gc.ca/services/geoname/en/codes/language/und,,5e570163ba3611d892e2080020a0f4c9,https://geogratis.gc.ca/services/geoname/en/features/5e570163ba3611d892e2080020a0f4c9,P,official,https://geogratis.gc.ca/services/geoname/en/codes/status/official,SEA,https://geogratis.gc.ca/services/geoname/en/codes/concise/SEA,1248,https://geogratis.gc.ca/services/geoname/en/codes/generic/1248,,60,https://geogratis.gc.ca/services/geoname/en/codes/province/60,MCR130,30000000,100,71.999905,-141.003722,1983-11-23
LBCFC,Territoires du Nord-Ouest,und,https://geogratis.gc.ca/services/geoname/en/codes/language/und,,7b8b0c45ba3611d892e2080020a0f4c9,https://geogratis.gc.ca/services/geoname/en/features/7b8b0c45ba3611d892e2080020a0f4c9,P,official,https://geogratis.gc.ca/services/geoname/en/codes/status/official,TERR,https://geogratis.gc.ca/services/geoname/en/codes/concise/TERR,510,https://geogratis.gc.ca/services/geoname/en/codes/generic/510,,61,https://geogratis.gc.ca/services/geoname/en/codes/province/61,MCR130,30000000,100,69.500306,-121.502223,1999-04-01
JDAKT,British Columbia,und,https://geogratis.gc.ca/services/geoname/en/codes/language/und,,43b1b6b3ba3611d892e2080020a0f4c9,https://geogratis.gc.ca/services/geoname/en/features/43b1b6b3ba3611d892e2080020a0f4c9,P,official,https://geogratis.gc.ca/services/geoname/en/codes/status/official,PROV,https://geogratis.gc.ca/services/geoname/en/codes/concise/PROV,491,https://geogratis.gc.ca/services/geoname/en/codes/generic/491,,59,https://geogratis.gc.ca/services/geoname/en/codes/province/59,MCR3,30000000,100,54.0,-125.0,1958-12-31
ABAVX,Labrador Sea,und,https://geogratis.gc.ca/services/geoname/en/codes/language/und,,ccc52667ba1d11d892e2080020a0f4c9,https://geogratis.gc.ca/services/geoname/en/features/ccc52667ba1d11d892e2080020a0f4c9,P,official,https://geogratis.gc.ca/services/geoname/en/codes/status/official,SEA,https://geogratis.gc.ca/services/geoname/en/codes/concise/SEA,1213,https://geogratis.gc.ca/services/geoname/en/codes/generic/1213,,10,https://geogratis.gc.ca/services/geoname/en/codes/province/10,MCR130,30000000,100,55.0,-55.998889,1957-01-17
OATRP,Iqaluit,ike,https://geogratis.gc.ca/services/geoname/en/codes/language/ike,ᐃᖃᓗᐃᑦ,33e24964c6ce11d892e2080020a0f4c9,https://geogratis.gc.ca/services/geoname/en/features/33e24964c6ce11d892e2080020a0f4c9,O,official,https://geogratis.gc.ca/services/geoname/en/codes/status/official,CITY,https://geogratis.gc.ca/services/geoname/en/codes/concise/CITY,1,https://geogratis.gc.ca/services/geoname/en/codes/generic/1,,62,https://geogratis.gc.ca/services/geoname/en/codes/province/62,025N10,30000000,100,63.75,-68.516667,2001-04-19
KAALA,Beaufort Sea,und,https://geogratis.gc.ca/services/geoname/en/codes/language/und,,5e570163ba3611d892e2080020a0f4c9,https://geogratis.gc.ca/services/geoname/en/features/5e570163ba3611d892e2080020a0f4c9,P,official,https://geogratis.gc.ca/services/geoname/en/codes/status/official,SEA,https://geogratis.gc.ca/services/geoname/en/codes/concise/SEA,1213,https://geogratis.gc.ca/services/geoname/en/codes/generic/1213,,60,https://geogratis.gc.ca/services/geoname/en/codes/province/60,MCR130,30000000,100,71.999905,-141.003722,1983-11-23
KAHUP,Territoire du Yukon,und,https://geogratis.gc.ca/services/geoname/en/codes/language/und,,68b803ebba3611d892e2080020a0f4c9,https://geogratis.gc.ca/services/geoname/en/features/68b803ebba3611d892e2080020a0f4c9,H,previouslyOfficial,https://geogratis.gc.ca/services/geoname/en/codes/status/previouslyOfficial,TERR,https://geogratis.gc.ca/services/geoname/en/codes/concise/TERR,510,https://geogratis.gc.ca/services/geoname/en/codes/generic/510,,60,https://geogratis.gc.ca/services/geoname/en/codes/province/60,105L15,30000000,100,63.0,-135.0,1983-11-23
ABRBH,Newfoundland,und,https://geogratis.gc.ca/services/geoname/en/codes/language/und,,64b474a0ba1f11d892e2080020a0f4c9,https://geogratis.gc.ca/services/geoname/en/features/64b474a0ba1f11d892e2080020a0f4c9,H,previouslyOfficial,https://geogratis.gc.ca/services/geoname/en/codes/status/previouslyOfficial,PROV,https://geogratis.gc.ca/services/geoname/en/codes/concise/PROV,491,https://geogratis.gc.ca/services/geoname/en/codes/generic/491,,10,https://geogratis.gc.ca/services/geoname/en/codes/province/10,MCR77,30000000,100,53.23,-59.999167,2001-12-06
EFGGJ,Quebec,und,https://geogratis.gc.ca/services/geoname/en/codes/language/und,,6f733341ba2011d892e2080020a0f4c9,https://geogratis.gc.ca/services/geoname/en/features/6f733341ba2011d892e2080020a0f4c9,P,official,https://geogratis.gc.ca/services/geoname/en/codes/status/official,PROV,https://geogratis.gc.ca/services/geoname/en/codes/concise/PROV,491,https://geogratis.gc.ca/services/geoname/en/codes/generic/491,,24,https://geogratis.gc.ca/services/geoname/en/codes/province/24,033A01,30000000,100,52.0,-72.0,1983-11-23
GBEIN,Winnipeg,cre,https://geogratis.gc.ca/services/geoname/en/codes/language/cre,,c5868fcfbef311d892e2080020a0f4c9,https://geogratis.gc.ca/services/geoname/en/features/c5868fcfbef311d892e2080020a0f4c9,O,official,https://geogratis.gc.ca/services/geoname/en/codes/status/official,CITY,https://geogratis.gc.ca/services/geoname/en/codes/concise/CITY,1,https://geogratis.gc.ca/services/geoname/en/codes/generic/1,,46,https://geogratis.gc.ca/services/geoname/en/codes/province/46,062H14,30000000,100,49.884444,-97.146389,1972-01-01
EIKFT,Vanier,und,https://geogratis.gc.ca/services/geoname/en/codes/language/und,,24e21a60be4811d892e2080020a0f4c9,https://geogratis.gc.ca/services/geoname/en/features/24e21a60be4811d892e2080020a0f4c9,H,previouslyOfficial,https://geogratis.gc.ca/services/geoname/en/codes/status/previouslyOfficial,CITY,https://geogratis.gc.ca/services/geoname/en/codes/concise/CITY,23,https://geogratis.gc.ca/services/geoname/en/codes/generic/23,"Québec; Québec",24,https://geogratis.gc.ca/services/geoname/en/codes/province/24,021L14,30000000,100,46.813819,-71.207997,2002-01-24
LBCFB,Northwest Territories,und,https://geogratis.gc.ca/services/geoname/en/codes/language/und,,7b8b0c45ba3611d892e2080020a0f4c9,https://geogratis.gc.ca/services/geoname/en/features/7b8b0c45ba3611d892e2080020a0f4c9,P,official,https://geogratis.gc.ca/services/geoname/en/codes/status/official,TERR,https://geogratis.gc.ca/services/geoname/en/codes/concise/TERR,492,https://geogratis.gc.ca/services/geoname/en/codes/generic/492,,61,https://geogratis.gc.ca/services/geoname/en/codes/province/61,MCR130,30000000,100,69.500306,-121.502223,1983-11-23
JBOBQ,Victoria,und,https://geogratis.gc.ca/services/geoname/en/codes/language/und,,0cfb728f849c20c36f8ebf28d7e4d1d4,https://geogratis.gc.ca/services/geoname/en/features/0cfb728f849c20c36f8ebf28d7e4d1d4,O,official,https://geogratis.gc.ca/services/geoname/en/codes/status/official,CITY,https://geogratis.gc.ca/services/geoname/en/codes/concise/CITY,1,https://geogratis.gc.ca/services/geoname/en/codes/generic/1,"Victoria Land District",59,https://geogratis.gc.ca/services/geoname/en/codes/province/59,092B06,30000000,100,48.428333,-123.364722,1934-05-01
OABMI,Baffin Bay,und,https://geogratis.gc.ca/services/geoname/en/codes/language/und,,89d4469cba3611d892e2080020a0f4c9,https://geogratis.gc.ca/services/geoname/en/features/89d4469cba3611d892e2080020a0f4c9,P,official,https://geogratis.gc.ca/services/geoname/en/codes/status/official,BAY,https://geogratis.gc.ca/services/geoname/en/codes/concise/BAY,1400,https://geogratis.gc.ca/services/geoname/en/codes/generic/1400,,62,https://geogratis.gc.ca/services/geoname/en/codes/province/62,028C16,30000000,100,74.0,-68.0,1982-05-31
ACPVZ,Terre-Neuve-et-Labrador,und,https://geogratis.gc.ca/services/geoname/en/codes/language/und,,64b474a0ba1f11d892e2080020a0f4c9,https://geogratis.gc.ca/services/geoname/en/features/64b474a0ba1f11d892e2080020a0f4c9,P,official,https://geogratis.gc.ca/services/geoname/en/codes/status/official,PROV,https://geogratis.gc.ca/services/geoname/en/codes/concise/PROV,491,https://geogratis.gc.ca/services/geoname/en/codes/generic/491,,10,https://geogratis.gc.ca/services/geoname/en/codes/province/10,MCR77,30000000,100,53.23,-59.999167,2001-12-06
EFIGY,Anjou,und,https://geogratis.gc.ca/services/geoname/en/codes/language/und,,08b1ec0ebe3d11d892e2080020a0f4c9,https://geogratis.gc.ca/services/geoname/en/features/08b1ec0ebe3d11d892e2080020a0f4c9,H,previouslyOfficial,https://geogratis.gc.ca/services/geoname/en/codes/status/previouslyOfficial,CITY,https://geogratis.gc.ca/services/geoname/en/codes/concise/CITY,23,https://geogratis.gc.ca/services/geoname/en/codes/generic/23,"Montréal; Montréal",24,https://geogratis.gc.ca/services/geoname/en/codes/province/24,031H12,17500000,100,45.508822,-73.554077,2002-01-24
ENRVV,Pointe-au-Père,und,https://geogratis.gc.ca/services/geoname/en/codes/language/und,,58922511bf9311d892e2080020a0f4c9,https://geogratis.gc.ca/services/geoname/en/features/58922511bf9311d892e2080020a0f4c9,H,previouslyOfficial,https://geogratis.gc.ca/services/geoname/en/codes/status/previouslyOfficial,CITY,https://geogratis.gc.ca/services/geoname/en/codes/concise/CITY,23,https://geogratis.gc.ca/services/geoname/en/codes/generic/23,"Rimouski; Rimouski-Neigette",24,https://geogratis.gc.ca/services/geoname/en/codes/province/24,022C07,17500000,100,48.449138,-68.525096,2002-01-24
ENOGU,Ascot,und,https://geogratis.gc.ca/services/geoname/en/codes/language/und,,9e0a04b5be4f11d892e2080020a0f4c9,https://geogratis.gc.ca/services/geoname/en/features/9e0a04b5be4f11d892e2080020a0f4c9,H,previouslyOfficial,https://geogratis.gc.ca/services/geoname/en/codes/status/previouslyOfficial,VILG,https://geogratis.gc.ca/services/geoname/en/codes/concise/VILG,14,https://geogratis.gc.ca/services/geoname/en/codes/generic/14,"Sherbrooke; Sherbrooke",24,https://geogratis.gc.ca/services/geoname/en/codes/province/24,031H08,17500000,100,45.404047,-71.893171,2002-01-24
OAAQK,Alert,und,https://geogratis.gc.ca/services/geoname/en/codes/language/und,,0cf7c4d5849c20c37be04d3bdb09c700,https://geogratis.gc.ca/services/geoname/en/features/0cf7c4d5849c20c37be04d3bdb09c700,O,official,https://geogratis.gc.ca/services/geoname/en/codes/status/official,UNP,https://geogratis.gc.ca/services/geoname/en/codes/concise/UNP,104,https://geogratis.gc.ca/services/geoname/en/codes/generic/104,,62,https://geogratis.gc.ca/services/geoname/en/codes/province/62,120E05,17500000,100,82.5,-62.366667,1949-01-06
EJNDU,Saint-Léonard,und,https://geogratis.gc.ca/services/geoname/en/codes/language/und,,08b1ec0ebe3d11d892e2080020a0f4c9,https://geogratis.gc.ca/services/geoname/en/features/08b1ec0ebe3d11d892e2080020a0f4c9,H,previouslyOfficial,https://geogratis.gc.ca/services/geoname/en/codes/status/previouslyOfficial,CITY,https://geogratis.gc.ca/services/geoname/en/codes/concise/CITY,23,https://geogratis.gc.ca/services/geoname/en/codes/generic/23,"Montréal; Montréal",24,https://geogratis.gc.ca/services/geoname/en/codes/province/24,031H12,17500000,100,45.508822,-73.554077,2002-01-24
EITUT,Douglas,und,https://geogratis.gc.ca/services/geoname/en/codes/language/und,,76bca836be1711d892e2080020a0f4c9,https://geogratis.gc.ca/services/geoname/en/features/76bca836be1711d892e2080020a0f4c9,H,previouslyOfficial,https://geogratis.gc.ca/services/geoname/en/codes/status/previouslyOfficial,VILG,https://geogratis.gc.ca/services/geoname/en/codes/concise/VILG,27,https://geogratis.gc.ca/services/geoname/en/codes/generic/27,"Gaspé; La Côte-de-Gaspé",24,https://geogratis.gc.ca/services/geoname/en/codes/province/24,022A16,17500000,100,48.824618,-64.476254,1976-12-24
EJJIZ,Kuujjuaq,ike,https://geogratis.gc.ca/services/geoname/en/codes/language/ike,,6e756540bf9111d892e2080020a0f4c9,https://geogratis.gc.ca/services/geoname/en/features/6e756540bf9111d892e2080020a0f4c9,O,official,https://geogratis.gc.ca/services/geoname/en/codes/status/official,VILG,https://geogratis.gc.ca/services/geoname/en/codes/concise/VILG,34,https://geogratis.gc.ca/services/geoname/en/codes/generic/34,"Kuujjuaq; Nord-du-Québec",24,https://geogratis.gc.ca/services/geoname/en/codes/province/24,024K01,17500000,100,58.107516,-68.399563,1979-02-26
EITRQ,Saint-Alban-du-Cap-des-Rosiers,und,https://geogratis.gc.ca/services/geoname/en/codes/language/und,,76bca836be1711d892e2080020a0f4c9,https://geogratis.gc.ca/services/geoname/en/features/76bca836be1711d892e2080020a0f4c9,H,previouslyOfficial,https://geogratis.gc.ca/services/geoname/en/codes/status/previouslyOfficial,VILG,https://geogratis.gc.ca/services/geoname/en/codes/concise/VILG,14,https://geogratis.gc.ca/services/geoname/en/codes/generic/14,"Gaspé; La Côte-de-Gaspé",24,https://geogratis.gc.ca/services/geoname/en/codes/province/24,022A16,17500000,100,48.824618,-64.476254,1976-12-24
EIFHY,Sullivan,und,https://geogratis.gc.ca/services/geoname/en/codes/language/und,,0b6861a6be5411d892e2080020a0f4c9,https://geogratis.gc.ca/services/geoname/en/features/0b6861a6be5411d892e2080020a0f4c9,H,previouslyOfficial,https://geogratis.gc.ca/services/geoname/en/codes/status/previouslyOfficial,VILG,https://geogratis.gc.ca/services/geoname/en/codes/concise/VILG,14,https://geogratis.gc.ca/services/geoname/en/codes/generic/14,"Val-d'Or; La Vallée-de-l'Or",24,https://geogratis.gc.ca/services/geoname/en/codes/province/24,032C04,17500000,100,48.102044,-77.789358,2002-01-24
HAVWM,Yorkton,und,https://geogratis.gc.ca/services/geoname/en/codes/language/und,,0c32951e849c20c35b3fb6773e399115,https://geogratis.gc.ca/services/geoname/en/features/0c32951e849c20c35b3fb6773e399115,O,official,https://geogratis.gc.ca/services/geoname/en/codes/status/official,CITY,https://geogratis.gc.ca/services/geoname/en/codes/concise/CITY,1,https://geogratis.gc.ca/services/geoname/en/codes/generic/1,,47,https://geogratis.gc.ca/services/geoname/en/codes/province/47,062M01,17500000,100,51.213775,-102.4628806,1956-08-02
EHQLA,Pierrefonds,und,https://geogratis.gc.ca/services/geoname/en/codes/language/und,,08b1ec0ebe3d11d892e2080020a0f4c9,https://geogratis.gc.ca/services/geoname/en/features/08b1ec0ebe3d11d892e2080020a0f4c9,H,previouslyOfficial,https://geogratis.gc.ca/services/geoname/en/codes/status/previouslyOfficial,CITY,https://geogratis.gc.ca/services/geoname/en/codes/concise/CITY,23,https://geogratis.gc.ca/services/geoname/en/codes/generic/23,"Montréal; Montréal",24,https://geogratis.gc.ca/services/geoname/en/codes/province/24,031H12,17500000,100,45.508822,-73.554077,2002-01-24
EMEJC,L'Île-Bizard,und,https://geogratis.gc.ca/services/geoname/en/codes/language/und,,08b1ec0ebe3d11d892e2080020a0f4c9,https://geogratis.gc.ca/services/geoname/en/features/08b1ec0ebe3d11d892e2080020a0f4c9,H,previouslyOfficial,https://geogratis.gc.ca/services/geoname/en/codes/status/previouslyOfficial,CITY,https://geogratis.gc.ca/services/geoname/en/codes/concise/CITY,23,https://geogratis.gc.ca/services/geoname/en/codes/generic/23,"Montréal; Montréal",24,https://geogratis.gc.ca/services/geoname/en/codes/province/24,031H12,17500000,100,45.508822,-73.554077,2002-01-24
JBIFM,Muskwa,mis,https://geogratis.gc.ca/services/geoname/en/codes/language/mis,,a5e977610a00120468c95daa13f11787,https://geogratis.gc.ca/services/geoname/en/features/a5e977610a00120468c95daa13f11787,H,previouslyOfficial,https://geogratis.gc.ca/services/geoname/en/codes/status/previouslyOfficial,UNP,https://geogratis.gc.ca/services/geoname/en/codes/concise/UNP,159,https://geogratis.gc.ca/services/geoname/en/codes/generic/159,"Peace River Land District",59,https://geogratis.gc.ca/services/geoname/en/codes/province/59,094J15,17500000,100,58.805555,-122.697222,1957-11-07
GADMZ,Brandon,und,https://geogratis.gc.ca/services/geoname/en/codes/language/und,,93426abbbede11d892e2080020a0f4c9,https://geogratis.gc.ca/services/geoname/en/features/93426abbbede11d892e2080020a0f4c9,O,official,https://geogratis.gc.ca/services/geoname/en/codes/status/official,CITY,https://geogratis.gc.ca/services/geoname/en/codes/concise/CITY,1,https://geogratis.gc.ca/services/geoname/en/codes/generic/1,,46,https://geogratis.gc.ca/services/geoname/en/codes/province/46,062G13,17500000,100,49.846944,-99.952222,1946-12-03
EHZJN,Sainte-Geneviève,und,https://geogratis.gc.ca/services/geoname/en/codes/language/und,,08b1ec0ebe3d11d892e2080020a0f4c9,https://geogratis.gc.ca/services/geoname/en/features/08b1ec0ebe3d11d892e2080020a0f4c9,H,previouslyOfficial,https://geogratis.gc.ca/services/geoname/en/codes/status/previouslyOfficial,CITY,https://geogratis.gc.ca/services/geoname/en/codes/concise/CITY,23,https://geogratis.gc.ca/services/geoname/en/codes/generic/23,"Montréal; Montréal",24,https://geogratis.gc.ca/services/geoname/en/codes/province/24,031H12,17500000,100,45.508822,-73.554077,2002-01-24
EJNEP,Sugluk,und,https://geogratis.gc.ca/services/geoname/en/codes/language/und,,6e24ad2fbf9111d892e2080020a0f4c9,https://geogratis.gc.ca/services/geoname/en/features/6e24ad2fbf9111d892e2080020a0f4c9,H,previouslyOfficial,https://geogratis.gc.ca/services/geoname/en/codes/status/previouslyOfficial,VILG,https://geogratis.gc.ca/services/geoname/en/codes/concise/VILG,34,https://geogratis.gc.ca/services/geoname/en/codes/generic/34,"Salluit; Salluit",24,https://geogratis.gc.ca/services/geoname/en/codes/province/24,035J04,17500000,100,62.2,-75.65,1979-05-23
EIFPF,Sydenham-Sud,und,https://geogratis.gc.ca/services/geoname/en/codes/language/und,,76bca836be1711d892e2080020a0f4c9,https://geogratis.gc.ca/services/geoname/en/features/76bca836be1711d892e2080020a0f4c9,H,previouslyOfficial,https://geogratis.gc.ca/services/geoname/en/codes/status/previouslyOfficial,VILG,https://geogratis.gc.ca/services/geoname/en/codes/concise/VILG,14,https://geogratis.gc.ca/services/geoname/en/codes/generic/14,"Gaspé; La Côte-de-Gaspé",24,https://geogratis.gc.ca/services/geoname/en/codes/province/24,022A16,17500000,100,48.824618,-64.476254,1972-03-28
HACAW,Flin Flon,und,https://geogratis.gc.ca/services/geoname/en/codes/language/und,,d3f41f25ba2f11d892e2080020a0f4c9,https://geogratis.gc.ca/services/geoname/en/features/d3f41f25ba2f11d892e2080020a0f4c9,O,official,https://geogratis.gc.ca/services/geoname/en/codes/status/official,UNP,https://geogratis.gc.ca/services/geoname/en/codes/concise/UNP,200,https://geogratis.gc.ca/services/geoname/en/codes/generic/200,,47,https://geogratis.gc.ca/services/geoname/en/codes/province/47,063K13,17500000,100,54.766735,-101.867054,1948-01-06
DBEGF,Carleton,und,https://geogratis.gc.ca/services/geoname/en/codes/language/und,,93f89999d05511d892e2080020a0f4c9,https://geogratis.gc.ca/services/geoname/en/features/93f89999d05511d892e2080020a0f4c9,H,previouslyOfficial,https://geogratis.gc.ca/services/geoname/en/codes/status/previouslyOfficial,CITY,https://geogratis.gc.ca/services/geoname/en/codes/concise/CITY,1,https://geogratis.gc.ca/services/geoname/en/codes/generic/1,,13,https://geogratis.gc.ca/services/geoname/en/codes/province/13,021G08,17500000,100,45.259167,-66.038889,
EPIMM,Saint-Élie-d'Orford,und,https://geogratis.gc.ca/services/geoname/en/codes/language/und,,9e0a04b5be4f11d892e2080020a0f4c9,https://geogratis.gc.ca/services/geoname/en/features/9e0a04b5be4f11d892e2080020a0f4c9,H,previouslyOfficial,https://geogratis.gc.ca/services/geoname/en/codes/status/previouslyOfficial,VILG,https://geogratis.gc.ca/services/geoname/en/codes/concise/VILG,14,https://geogratis.gc.ca/services/geoname/en/codes/generic/14,"Sherbrooke; Sherbrooke",24,https://geogratis.gc.ca/services/geoname/en/codes/province/24,031H08,17500000,100,45.404047,-71.893171,2002-01-24
OATTI,Mer de Lincoln,und,https://geogratis.gc.ca/services/geoname/en/codes/language/und,,7912eae0d05511d892e2080020a0f4c9,https://geogratis.gc.ca/services/geoname/en/features/7912eae0d05511d892e2080020a0f4c9,O,official,https://geogratis.gc.ca/services/geoname/en/codes/status/official,SEA,https://geogratis.gc.ca/services/geoname/en/codes/concise/SEA,1248,https://geogratis.gc.ca/services/geoname/en/codes/generic/1248,,62,https://geogratis.gc.ca/services/geoname/en/codes/province/62,120E11,17500000,100,82.4999999,-62.0,1982-10-08
EJNEA,Lachine,und,https://geogratis.gc.ca/services/geoname/en/codes/language/und,,08b1ec0ebe3d11d892e2080020a0f4c9,https://geogratis.gc.ca/services/geoname/en/features/08b1ec0ebe3d11d892e2080020a0f4c9,H,previouslyOfficial,https://geogratis.gc.ca/services/geoname/en/codes/status/previouslyOfficial,CITY,https://geogratis.gc.ca/services/geoname/en/codes/concise/CITY,23,https://geogratis.gc.ca/services/geoname/en/codes/generic/23,"Montréal; Montréal",24,https://geogratis.gc.ca/services/geoname/en/codes/province/24,031H12,17500000,100,45.508822,-73.554077,2002-01-24
EPWSV,Puvirnituq,ike,https://geogratis.gc.ca/services/geoname/en/codes/language/ike,,0cc42ea9849c20c3607c38a2204cb607,https://geogratis.gc.ca/services/geoname/en/features/0cc42ea9849c20c3607c38a2204cb607,O,official,https://geogratis.gc.ca/services/geoname/en/codes/status/official,VILG,https://geogratis.gc.ca/services/geoname/en/codes/concise/VILG,34,https://geogratis.gc.ca/services/geoname/en/codes/generic/34,"Puvirnituq; Nord-du-Québec",24,https://geogratis.gc.ca/services/geoname/en/codes/province/24,035C03,17500000,100,60.035527,-77.274321,1995-02-23
GAIOX,Fort Churchill,und,https://geogratis.gc.ca/services/geoname/en/codes/language/und,,008b4412bee311d892e2080020a0f4c9,https://geogratis.gc.ca/services/geoname/en/features/008b4412bee311d892e2080020a0f4c9,O,official,https://geogratis.gc.ca/services/geoname/en/codes/status/official,UNP,https://geogratis.gc.ca/services/geoname/en/codes/concise/UNP,121,https://geogratis.gc.ca/services/geoname/en/codes/generic/121,,46,https://geogratis.gc.ca/services/geoname/en/codes/province/46,054L16,17500000,100,58.755278,-94.078889,1994-03-31
JCJEN,Campbell River,und,https://geogratis.gc.ca/services/geoname/en/codes/language/und,,163fec35c6ce11d892e2080020a0f4c9,https://geogratis.gc.ca/services/geoname/en/features/163fec35c6ce11d892e2080020a0f4c9,O,official,https://geogratis.gc.ca/services/geoname/en/codes/status/official,CITY,https://geogratis.gc.ca/services/geoname/en/codes/concise/CITY,1,https://geogratis.gc.ca/services/geoname/en/codes/generic/1,"Sayward Land District",59,https://geogratis.gc.ca/services/geoname/en/codes/province/59,092K03,17500000,100,50.023056,-125.243611,2005-05-31
IAHMM,Grande Prairie,und,https://geogratis.gc.ca/services/geoname/en/codes/language/und,,7a67094ed05511d892e2080020a0f4c9,https://geogratis.gc.ca/services/geoname/en/features/7a67094ed05511d892e2080020a0f4c9,O,official,https://geogratis.gc.ca/services/geoname/en/codes/status/official,CITY,https://geogratis.gc.ca/services/geoname/en/codes/concise/CITY,1,https://geogratis.gc.ca/services/geoname/en/codes/generic/1,"71-6-W6",48,https://geogratis.gc.ca/services/geoname/en/codes/province/48,083M02,17500000,100,55.1708334,-118.7961111,1995-01-01
EHZOV,Sainte-Odile-sur-Rimouski,und,https://geogratis.gc.ca/services/geoname/en/codes/language/und,,58922511bf9311d892e2080020a0f4c9,https://geogratis.gc.ca/services/geoname/en/features/58922511bf9311d892e2080020a0f4c9,H,previouslyOfficial,https://geogratis.gc.ca/services/geoname/en/codes/status/previouslyOfficial,VILG,https://geogratis.gc.ca/services/geoname/en/codes/concise/VILG,29,https://geogratis.gc.ca/services/geoname/en/codes/generic/29,"Rimouski; Rimouski-Neigette",24,https://geogratis.gc.ca/services/geoname/en/codes/province/24,022C07,17500000,100,48.449138,-68.525096,2002-01-24
EITMG,Baie-de-Gaspé-Nord,und,https://geogratis.gc.ca/services/geoname/en/codes/language/und,,76bca836be1711d892e2080020a0f4c9,https://geogratis.gc.ca/services/geoname/en/features/76bca836be1711d892e2080020a0f4c9,H,previouslyOfficial,https://geogratis.gc.ca/services/geoname/en/codes/status/previouslyOfficial,VILG,https://geogratis.gc.ca/services/geoname/en/codes/concise/VILG,27,https://geogratis.gc.ca/services/geoname/en/codes/generic/27,"Gaspé; La Côte-de-Gaspé",24,https://geogratis.gc.ca/services/geoname/en/codes/province/24,022A16,17500000,100,48.824618,-64.476254,1976-12-24
LAIKL,Fort Good Hope,und,https://geogratis.gc.ca/services/geoname/en/codes/language/und,,08158482c6ce11d892e2080020a0f4c9,https://geogratis.gc.ca/services/geoname/en/features/08158482c6ce11d892e2080020a0f4c9,O,official,https://geogratis.gc.ca/services/geoname/en/codes/status/official,HAM,https://geogratis.gc.ca/services/geoname/en/codes/concise/HAM,26,https://geogratis.gc.ca/services/geoname/en/codes/generic/26,"Mackenzie",61,https://geogratis.gc.ca/services/geoname/en/codes/province/61,106I07,17500000,100,66.257,-128.6377,1995-04-01
JBRIK,Vancouver,und,https://geogratis.gc.ca/services/geoname/en/codes/language/und,,0ca0fef1849c20c3313df3807fa729b2,https://geogratis.gc.ca/services/geoname/en/features/0ca0fef1849c20c3313df3807fa729b2,O,official,https://geogratis.gc.ca/services/geoname/en/codes/status/official,CITY,https://geogratis.gc.ca/services/geoname/en/codes/concise/CITY,1,https://geogratis.gc.ca/services/geoname/en/codes/generic/1,"New Westminster Land District",59,https://geogratis.gc.ca/services/geoname/en/codes/province/59,092G03,17500000,100,49.261111,-123.113889,1937-12-07
EJJIY,Salluit,ike,https://geogratis.gc.ca/services/geoname/en/codes/language/ike,,6e24ad2fbf9111d892e2080020a0f4c9,https://geogratis.gc.ca/services/geoname/en/features/6e24ad2fbf9111d892e2080020a0f4c9,O,official,https://geogratis.gc.ca/services/geoname/en/codes/status/official,VILG,https://geogratis.gc.ca/services/geoname/en/codes/concise/VILG,34,https://geogratis.gc.ca/services/geoname/en/codes/generic/34,"Salluit; Nord-du-Québec",24,https://geogratis.gc.ca/services/geoname/en/codes/province/24,035J04,17500000,100,62.2,-75.65,1979-12-29
GAILW,Flin Flon,und,https://geogratis.gc.ca/services/geoname/en/codes/language/und,,d3f41f25ba2f11d892e2080020a0f4c9,https://geogratis.gc.ca/services/geoname/en/features/d3f41f25ba2f11d892e2080020a0f4c9,O,official,https://geogratis.gc.ca/services/geoname/en/codes/status/official,CITY,https://geogratis.gc.ca/services/geoname/en/codes/concise/CITY,1,https://geogratis.gc.ca/services/geoname/en/codes/generic/1,,46,https://geogratis.gc.ca/services/geoname/en/codes/province/46,063K13,17500000,100,54.766735,-101.867054,1948-01-06
FCWMG,Timmins,und,https://geogratis.gc.ca/services/geoname/en/codes/language/und,,9960e012d05511d892e2080020a0f4c9,https://geogratis.gc.ca/services/geoname/en/features/9960e012d05511d892e2080020a0f4c9,O,official,https://geogratis.gc.ca/services/geoname/en/codes/status/official,CITY,https://geogratis.gc.ca/services/geoname/en/codes/concise/CITY,1,https://geogratis.gc.ca/services/geoname/en/codes/generic/1,"Cochrane",35,https://geogratis.gc.ca/services/geoname/en/codes/province/35,042A06,17500000,100,48.47153,-81.33132,1989-05-19
KAEVF,Old Crow,und,https://geogratis.gc.ca/services/geoname/en/codes/language/und,,76393dc1d05511d892e2080020a0f4c9,https://geogratis.gc.ca/services/geoname/en/features/76393dc1d05511d892e2080020a0f4c9,O,official,https://geogratis.gc.ca/services/geoname/en/codes/status/official,UNP,https://geogratis.gc.ca/services/geoname/en/codes/concise/UNP,104,https://geogratis.gc.ca/services/geoname/en/codes/generic/104,,60,https://geogratis.gc.ca/services/geoname/en/codes/province/60,116O12,17500000,100,67.5686111,-139.8352778,1981-10-09
